{"cameraMode":{"drawMode":0,"name":"Shaded","section":"Shading Mode"},"sceneLighting":false,"audioPlay":false,"sceneViewState":{"showFog":true,"showMaterialUpdate":false,"showSkybox":false,"showFlares":true,"showImageEffects":true,"showParticleSystems":true},"in2DMode":false,"pivot":{"x":-1.909999966621399,"y":0.940000057220459,"z":15.720000267028809},"rotation":{"x":-0.015475056134164334,"y":0.6082521080970764,"z":0.011862648651003838,"w":0.7935084700584412},"size":26.101835250854493,"orthographic":false}