{"cameraMode":{"drawMode":0,"name":"Shaded","section":"Shading Mode"},"sceneLighting":true,"audioPlay":false,"sceneViewState":{"showFog":true,"showMaterialUpdate":false,"showSkybox":true,"showFlares":true,"showImageEffects":true,"showParticleSystems":true},"in2DMode":false,"pivot":{"x":1757.0208740234375,"y":681.3527221679688,"z":-133.41213989257813},"rotation":{"x":0.1953905075788498,"y":0.037351880222558978,"z":-0.007447336800396442,"w":0.9799864888191223},"size":1176.5206298828125,"orthographic":true}