{"cameraMode":{"drawMode":0,"name":"Shaded","section":"Shading Mode"},"sceneLighting":false,"audioPlay":false,"sceneViewState":{"showFog":true,"showMaterialUpdate":false,"showSkybox":false,"showFlares":true,"showImageEffects":true,"showParticleSystems":true},"in2DMode":false,"pivot":{"x":361.861572265625,"y":236.62899780273438,"z":-1.5436525344848633},"rotation":{"x":0.0838596373796463,"y":0.0313836894929409,"z":-0.0026424613315612079,"w":0.9959797859191895},"size":483.4725646972656,"orthographic":true}