{"cameraMode":{"drawMode":0,"name":"Shaded","section":"Shading Mode"},"sceneLighting":true,"audioPlay":false,"sceneViewState":{"showFog":true,"showMaterialUpdate":false,"showSkybox":true,"showFlares":true,"showImageEffects":true,"showParticleSystems":true},"in2DMode":false,"pivot":{"x":78.12000274658203,"y":260.1199951171875,"z":0.0},"rotation":{"x":0.1953905075788498,"y":0.037351880222558978,"z":-0.007447336800396442,"w":0.9799864888191223},"size":166.53233337402345,"orthographic":true}